initial_capital,final_value,total_return,total_return_pct,total_trades,buy_trades,sell_trades,win_rate,volatility,sharpe_ratio,sortino_ratio,var_95,cvar_95,annualized_return,max_drawdown,max_drawdown_pct,calmar_ratio,recovery_time,information_ratio,treynor_ratio,jensen_alpha,avg_trade_return,best_trade,worst_trade,profit_factor,expectancy
10000,10536.733000000002,0.0536733000000002,5.36733000000002,8,7,1,1.0,0.051374456951676084,36.405992693650276,0,0.002912658937290122,0.002244300000000112,1.8903381044229701,0.0,0.0,0,0,36.795291212539,1.87033810442297,1.79033810442297,0.010038990722897007,0.010038990722897007,0.010038990722897007,inf,0.010038990722897007
