initial_capital,final_value,total_return,total_return_pct,total_trades,buy_trades,sell_trades,win_rate,volatility,sharpe_ratio,sortino_ratio,var_95,cvar_95,annualized_return,max_drawdown,max_drawdown_pct,calmar_ratio,recovery_time,information_ratio,treynor_ratio,jensen_alpha,avg_trade_return,best_trade,worst_trade,profit_factor,expectancy
10000,9190.049000000003,-0.08099509999999972,-8.099509999999972,17,10,7,1.0,0.08378544876977491,-16.034929970040377,-21.391059302890245,-0.01234748975145188,-0.014003788301300148,-1.3234938035317463,-0.08767009999999972,-8.767009999999972,-8.14510882838201,0,-15.796225036264156,-1.3434938035317463,-1.4234938035317464,0.0039067702552718995,0.0039067702552718995,0.0039067702552718995,inf,0.0039067702552718995
